21225,"Bryson, Inc.","Smithson","615","223-3234","TN","Y"
21226,"SuperLoo, Inc.","Flushing","904","215-8995","FL","N"
21231,"D&E Supply","Singh","615","228-3245","TN","Y"
21344,"Gomez Bros.","Ortega","615","889-2546","KY","N"
22567,"Dome Supply","Smith","901","678-1419","GA","N"
23119,"Randsets Ltd.","Anderson","901","678-3998","GA","Y"
24004,"Brackman Bros.","Browning","615","228-1410","TN","N"
24288,"ORDVA, Inc.","Hakford","615","898-1234","TN","Y"
25443,"B&K, Inc.","Smith","904","227-0093","FL","N"
25501,"Damal Supplies","Smythe","615","890-3529","TN","N"
25595,"Rubicon Systems","Orton","904","456-0092","FL","Y"
21225,"Bryson, Inc.","Smithson","615","223-3234","TN","Y"
21226,"SuperLoo, Inc.","Flushing","904","215-8995","FL","N"
21231,"D&E Supply","Singh","615","228-3245","TN","Y"
21344,"Gomez Bros.","Ortega","615","889-2546","KY","N"
22567,"Dome Supply","Smith","901","678-1419","GA","N"
23119,"Randsets Ltd.","Anderson","901","678-3998","GA","Y"
24004,"Brackman Bros.","Browning","615","228-1410","TN","N"
24288,"ORDVA, Inc.","Hakford","615","898-1234","TN","Y"
25443,"B&K, Inc.","Smith","904","227-0093","FL","N"
25501,"Damal Supplies","Smythe","615","890-3529","TN","N"
25595,"Rubicon Systems","Orton","904","456-0092","FL","Y"
21345,"Hendrix Corp.","Gonzalez","901","645-2354","TX","Y"
21227,"Woodworks, Inc.","Oâ€™Connor","615","244-1576","AR","N"
24005,"Windsor Tools","Johnson","615","301-2203","VA","Y"
25502,"MaxTech Solutions","Thompson","904","533-2255","FL","Y"
21346,"Prime Gear Co.","Garcia","901","244-8812","TX","N"
23120,"Innovative Supplies","Benson","901","667-1198","NY","Y"
24289,"Fast Track Tools","Fletcher","615","325-8899","TN","N"
25596,"TechLine Enterprises","Parker","904","225-4783","FL","Y"
24006,"Knight Tools","Jackson","615","887-3031","MI","N"
25503,"Toolbox Hub","Miller","904","667-9901","FL","Y"
23121,"Action Supply","Martinez","901","299-2235","NV","N"
24290,"SteelCo Ltd.","Rodriguez","615","998-5543","TX","Y"
25597,"ClearView Systems","Howard","904","423-5567","FL","N"
21228,"Maxwell Distributors","Simpson","901","444-2213","OH","Y"
24007,"Dynamic Enterprises","Lee","615","755-1274","CA","N"
23122,"NexGen Tools","Turner","901","311-1335","FL","Y"
25504,"Prime Supply Co.","Adams","904","779-5511","FL","N"
24291,"Epic Systems","Scott","615","321-4569","TX","Y"
21347,"Vanguard Tools","Wright","901","123-5567","CO","N"
25598,"Nova Solutions","Nelson","904","299-1339","FL","Y"
24008,"Titan Equipments","Harris","615","789-4403","NY","N"
25505,"Eagle Products","Garcia","904","663-4472","FL","N"
23123,"Foresight Tools","Patterson","901","431-2339","IL","Y"
24292,"Alpine Tools","Clark","615","358-9921","WA","N"
21348,"SmartTech Industries","Young","901","423-3354","CO","Y"
23124,"Pioneer Tech","Roberts","901","544-2337","MO","N"
24293,"Gateway Tools","Walker","615","118-3315","OH","Y"
25599,"Vortex Enterprises","Evans","904","552-7790","FL","N"
24009,"Orion Industries","Hall","615","333-7755","TX","Y"
25506,"Ace Distributors","Allen","904","234-7754","FL","N"
23125,"Zenith Supply","Campbell","901","440-8892","CA","Y"
24294,"JetStream Tools","Green","615","883-2245","GA","N"
21349,"Evergreen Industries","King","901","288-3442","VA","Y"
25500,"Velocity Systems","Hughes","904","551-2125","FL","N"
24010,"Summit Tools","Foster","615","339-2266","NJ","Y"
24295,"Benchmark Products","Bryant","615","477-2233","OH","N"
23126,"Prime Source","Perez","901","566-2248","FL","Y"
21350,"Vanguard Tools","Cooper","901","321-8897","NY","N"
25507,"Elite Supplies","Nelson","904","467-2285","FL","Y"
24296,"Galaxy Equipment","Ward","615","558-8853","TX","N"
24011,"ProTech Industries","Jackson","615","446-3305","VA","Y"
23127,"TrueLine Tools","Mitchell","901","211-3405","WI","N"
25508,"Summit Distributors","Morgan","904","444-5567","FL","Y"
24297,"Crescent Tech","Cook","615","331-3345","TX","N"
21351,"Future Systems","Bell","901","254-8876","IL","Y"
25509,"Quantum Tools","Davis","904","303-4435","FL","N"
24012,"EdgeTech Solutions","Brooks","615","612-7789","FL","Y"
23128,"NorthStar Industries","Graham","901","288-2265","LA","N"
24298,"Excell Supply","Morris","615","234-7771","TX","Y"
25510,"Precision Products","Garrett","904","664-3342","FL","N"
24013,"ProLine Tools","Edwards","615","544-2233","CO","Y"
24299,"Blackstone Supply","Jackson","615","778-8834","NV","N"
